Date,CPI,GDP,Unemployment,FedFundsRate,PCE,FiscalDeficit,TradeDeficit,FinancialStress,Consumer Sentiment,3 Mo,6 Mo,1 Yr,2 Yr,3 Yr,5 Yr,7 Yr,10 Yr,20 Yr,30 Yr
01-02-1990,128,5901.81,5.3,8.24,3728.2,-35207,-81.96833333,-0.3803,89.5,8,8.13,8.08,8.28,8.36,8.35,8.39,8.43,,8.46
01-03-1990,128.6,5930.919,5.2,8.28,3754.9,-53324,-75.40066667,-0.3803,91.3,8.04,8.14,8.12,8.43,8.45,8.44,8.54,8.51,,8.54
01-04-1990,128.9,5960.028,5.4,8.26,3770,41829,-68.833,-0.3803,93.9,8.07,8.24,8.35,8.64,8.69,8.65,8.7,8.65,,8.63
01-05-1990,129.1,5978.390667,5.4,8.18,3775.8,-42482,-70.873,-0.3803,90.6,8.07,8.44,8.58,8.96,9.05,9.04,9.06,9.04,,9
01-06-1990,129.9,5996.753333,5.2,8.29,3804.5,-11105,-72.913,-0.3803,88.3,8.01,8.12,8.22,8.5,8.53,8.56,8.64,8.6,,8.58
01-07-1990,130.5,6015.116,5.5,8.15,3821.7,-25924,-74.953,-0.3803,88.2,8,8.02,8.05,8.24,8.32,8.35,8.46,8.43,,8.41
01-08-1990,131.6,6011.655,5.7,8.13,3848.3,-52719,-76.334,-0.3803,76.4,7.74,7.72,7.72,7.91,8.04,8.13,8.28,8.36,,8.42
01-09-1990,132.5,6008.194,5.9,8.2,3870.1,20768,-77.715,-0.3803,72.8,7.63,7.74,7.76,8.07,8.26,8.5,8.77,8.86,,8.99
01-10-1990,133.4,6004.733,5.9,8.11,3870.6,-31364,-79.096,-0.3803,63.9,7.37,7.54,7.69,8.02,8.19,8.47,8.73,8.82,,8.96
01-11-1990,133.7,6014.881333,6.2,7.81,3871.9,-47723,-68.444,-0.3803,66,7.34,7.46,7.43,7.77,7.97,8.24,8.5,8.65,,8.78
01-12-1990,134.2,6025.029667,6.3,7.31,3861.3,-7387,-57.792,-0.3803,65.5,7.24,7.36,7.31,7.53,7.67,7.91,8.18,8.26,,8.4
01-01-1991,134.7,6035.178,6.4,6.91,3841,1650,-47.14,-0.3803,66.8,6.63,6.73,6.82,7.15,7.4,7.68,8,8.08,,8.26
01-02-1991,134.8,6065.739333,6.6,6.25,3866.7,-26191,-39.156,-0.3803,70.4,6.37,6.49,6.51,7.05,7.3,7.62,7.89,8.03,,8.21
01-03-1991,134.8,6096.300667,6.8,6.12,3913,-41173,-31.172,-0.3803,87.7,6.22,6.32,6.41,7.04,7.26,7.66,7.89,8.02,,8.19
01-04-1991,135.1,6126.862,6.7,5.91,3907.1,30009,-23.188,-0.3803,81.8,5.92,6.05,6.28,7.02,7.3,7.73,7.96,8.05,,8.24
01-05-1991,135.6,6153.220333,6.9,5.78,3933.2,-53367,-22.48333333,-0.3803,78.3,5.68,5.83,6.06,6.8,7.15,7.63,7.88,8.02,,8.2
01-06-1991,136,6179.578667,6.9,5.9,3940.5,-2579,-21.77866667,-0.3803,82.1,5.71,5.94,6.16,6.68,7.1,7.69,7.92,8.06,,8.26
01-07-1991,136.2,6205.937,6.8,5.82,3966,-40831,-21.074,-0.3803,82.9,5.71,5.95,6.32,6.9,7.33,7.9,8.14,8.24,,8.42
01-08-1991,136.6,6225.471333,6.9,5.66,3969.1,-43649,-21.73366667,-0.3803,82,5.7,5.93,6.19,6.81,7.21,7.77,8.03,8.2,,8.36
01-09-1991,137,6245.005667,6.9,5.45,3984.7,-6887,-22.39333333,-0.3803,83,5.49,5.6,5.72,6.36,6.68,7.34,7.67,7.82,,8.06
01-10-1991,137.2,6264.54,7,5.21,3976,-36594,-23.053,-0.3803,78.3,5.26,5.34,5.42,5.99,6.28,6.92,7.29,7.47,,7.82
01-11-1991,137.8,6297.394,7,4.81,4003.6,-44684,-22.214,-0.3803,69.1,4.96,5.03,5.1,5.7,6.06,6.74,7.15,7.47,,7.91
01-12-1991,138.2,6330.248,7.3,4.43,4020.5,-2534,-21.375,-0.3803,68.2,4.47,4.57,4.69,5.38,5.76,6.48,6.99,7.38,,7.94
01-01-1992,138.3,6363.102,7.3,4.03,4084.7,-15668,-20.536,-0.3803,67.5,3.96,4,4.12,4.77,5.11,5.93,6.38,6.71,,7.41
01-02-1992,138.6,6398.989,7.4,4.06,4099.5,-49180,-24.62,-0.3803,68.8,3.94,4.07,4.23,5.11,5.65,6.44,6.92,7.31,,7.77
01-03-1992,139.1,6434.876,7.4,3.98,4117,-50712,-28.704,-0.3803,76,4.03,4.14,4.35,5.27,5.75,6.58,6.95,7.27,,7.8
01-04-1992,139.4,6470.763,7.4,3.73,4131.5,14603,-32.788,-0.3803,77.2,4.15,4.32,4.54,5.6,6.17,6.94,7.25,7.54,,7.96
01-05-1992,139.7,6502.722333,7.6,3.82,4158.4,-46773,-34.688,-0.3803,79.2,3.79,3.97,4.4,5.46,6.05,6.91,7.26,7.61,,8.06
01-06-1992,140.1,6534.681667,7.8,3.76,4177.1,3782,-36.588,-0.3803,80.4,3.79,3.96,4.24,5.19,5.75,6.61,7,7.33,,7.84
01-07-1992,140.5,6566.641,7.7,3.25,4204.8,-43147,-38.488,-0.3803,76.6,3.65,3.77,4.05,4.83,5.39,6.29,6.76,7.14,,7.79
01-08-1992,140.8,6604.695,7.6,3.3,4220.9,-24742,-41.372,-0.3803,76.1,3.25,3.38,3.62,4.42,4.97,5.84,6.27,6.72,,7.46
01-09-1992,141.1,6642.749,7.6,3.22,4255.3,5310,-44.256,-0.3803,75.6,3.23,3.35,3.47,4.15,4.69,5.6,6.17,6.62,,7.42
01-10-1992,141.7,6680.803,7.3,3.1,4284.7,-48792,-47.14,-0.3803,73.3,2.75,2.92,3.06,3.8,4.34,5.33,5.94,6.37,,7.38
01-11-1992,142.1,6697.021667,7.4,3.09,4300.5,-32726,-49.99466667,-0.3803,85.3,3.03,3.29,3.54,4.4,4.98,5.9,6.36,6.8,,7.63
01-12-1992,142.3,6713.240333,7.4,2.92,4336.4,-38947,-52.84933333,-0.3803,91,3.38,3.58,3.83,4.79,5.36,6.23,6.61,6.95,,7.59
01-01-1993,142.8,6729.459,7.3,3.02,4340.7,29817,-55.704,-0.3803,89.3,3.15,3.38,3.61,4.56,5.12,6.04,6.43,6.7,,7.4
01-02-1993,143.1,6755.952333,7.1,3.03,4355.3,-48498,-58.19833333,-0.3803,86.6,2.96,3.16,3.39,4.2,4.72,5.57,6,6.39,,7.21
01-03-1993,143.3,6782.445667,7,3.07,4352.5,-43974,-60.69266667,-0.3803,85.9,3.01,3.14,3.32,3.92,4.37,5.21,5.67,6.03,,6.9
01-04-1993,143.8,6808.939,7.1,2.96,4393.4,7817,-63.187,-0.3803,85.6,2.95,3.09,3.32,3.96,4.42,5.24,5.72,6.03,,6.93
01-05-1993,144.2,6833.325333,7.1,3,4422.4,-36963,-64.90933333,-0.3803,80.3,2.97,3.07,3.26,3.83,4.3,5.14,5.63,6.05,,6.95
01-06-1993,144.3,6857.711667,7,3.04,4440,11099,-66.63166667,-0.3803,81.5,3.13,3.32,3.62,4.24,4.63,5.37,5.8,6.16,,6.98
01-07-1993,144.5,6882.098,6.9,3.06,4468.9,-39577,-68.354,-0.3803,77,3.1,3.22,3.45,4.03,4.39,5.05,5.46,5.8,,6.68
01-08-1993,144.8,6925.978,6.8,3.03,4481.1,-23078,-70.05233333,-0.3803,77.3,3.1,3.28,3.53,4.13,4.5,5.16,5.5,5.83,,6.57
01-09-1993,145,6969.858,6.7,3.09,4511.5,8517,-71.75066667,-0.3803,77.9,3.08,3.21,3.38,3.88,4.2,4.8,5.11,5.45,,6.09
01-10-1993,145.6,7013.738,6.8,2.99,4532.8,-45422,-73.449,-0.3803,82.7,2.98,3.13,3.39,3.89,4.24,4.79,5.11,5.4,,6.04
01-11-1993,146,7047.709333,6.6,3.02,4554.1,-38381,-75.831,-0.3803,81.2,3.1,3.28,3.47,3.99,4.3,4.83,5.19,5.43,6.12,5.96
01-12-1993,146.3,7081.680667,6.5,2.96,4571.1,-7705,-78.213,-0.3803,88.2,3.21,3.4,3.65,4.22,4.55,5.15,5.53,5.83,6.46,6.29
01-01-1994,146.3,7115.652,6.6,3.05,4585.1,15248,-80.595,-0.437,94.3,3.07,3.3,3.63,4.25,4.58,5.21,5.53,5.83,6.48,6.35
01-02-1994,146.7,7159.411667,6.6,3.25,4632.6,-41566,-83.92066667,-0.49765,93.2,3.05,3.25,3.53,4.12,4.44,5.02,5.34,5.7,6.29,6.23
01-03-1994,147.1,7203.171333,6.5,3.34,4646,-32315,-87.24633333,-0.36255,91.5,3.47,3.72,4.03,4.67,5.04,5.6,5.94,6.15,6.75,6.67
01-04-1994,147.2,7246.931,6.4,3.56,4671.1,17454,-90.572,-0.1801,92.6,3.56,3.92,4.5,5.21,5.66,6.23,6.59,6.77,7.23,7.11
01-05-1994,147.5,7274.979,6.1,4.01,4669.5,-32057,-92.67066667,-0.3017,92.8,3.97,4.45,5.07,5.73,6.16,6.64,6.88,7.06,7.44,7.31
01-06-1994,147.9,7303.027,6.1,4.25,4708.9,14850,-94.76933333,-0.1568,91.2,4.31,4.87,5.38,6.01,6.36,6.77,6.99,7.17,7.58,7.44
01-07-1994,148.4,7331.075,6.1,4.26,4720.6,-33198,-96.868,-0.1132,89,4.26,4.83,5.51,6.19,6.52,6.97,7.18,7.34,7.75,7.63
01-08-1994,149,7372.479333,6,4.47,4762.6,-24275,-98.54966667,-0.2109,91.7,4.39,4.87,5.37,5.99,6.33,6.73,6.92,7.12,7.46,7.39
01-09-1994,149.3,7413.883667,5.9,4.73,4775,4266,-100.2313333,-0.3151,91.5,4.68,5.03,5.56,6.17,6.44,6.81,7,7.19,7.6,7.46
01-10-1994,149.4,7455.288,5.8,4.76,4812.9,-31343,-101.913,-0.1793,92.7,4.8,5.43,5.96,6.62,6.92,7.28,7.46,7.62,7.98,7.82
01-11-1994,149.8,7477.621667,5.6,5.29,4825.6,-37243,-103.0516667,-0.1903,91.6,5.2,5.72,6.18,6.84,7.1,7.48,7.65,7.81,8.09,7.97
01-12-1994,150.1,7499.955333,5.5,5.45,4841.6,-4803,-104.1903333,-0.18325,95.1,5.72,6.22,6.91,7.4,7.62,7.79,7.84,7.91,8.1,7.99
01-01-1995,150.5,7522.289,5.6,5.53,4851.2,15634,-105.329,-0.0238,97.6,5.68,6.51,7.2,7.69,7.8,7.83,7.84,7.84,8.02,7.89
01-02-1995,150.9,7541.858333,5.4,5.92,4850.8,-38357,-106.7166667,-0.371,95.1,6,6.4,6.84,7.26,7.39,7.54,7.58,7.6,7.81,7.71
01-03-1995,151.2,7561.427667,5.4,5.98,4885.4,-50544,-108.1043333,-0.2292,90.3,5.94,6.19,6.44,6.79,6.9,7.06,7.15,7.22,7.58,7.46
01-04-1995,151.8,7580.997,5.8,6.05,4890.2,49722,-109.492,-0.3934,92.5,5.88,6.13,6.49,6.8,6.92,7.08,7.17,7.2,7.54,7.44
01-05-1995,152.1,7615.039667,5.6,6.01,4933.1,-39555,-97.80933333,-0.38155,89.8,5.87,6.08,6.32,6.6,6.72,6.88,6.95,7.07,7.42,7.34
01-06-1995,152.4,7649.082333,5.6,6,4977.5,12813,-86.12666667,-0.22305,92.7,5.81,5.83,5.8,5.89,5.95,6.08,6.18,6.3,6.72,6.67
01-07-1995,152.6,7683.125,5.7,5.85,4970.2,-13582,-74.444,-0.2544,94.4,5.6,5.59,5.65,5.79,5.88,5.98,6.12,6.21,6.64,6.63
01-08-1995,152.9,7712.945333,5.7,5.74,5005.3,-33849,-72.88933333,-0.30185,96.2,5.6,5.63,5.67,5.88,6.02,6.16,6.35,6.45,6.88,6.86
01-09-1995,153.1,7742.765667,5.6,5.8,5020.5,7191,-71.33466667,-0.1138,88.9,5.45,5.53,5.65,5.85,5.95,6.07,6.21,6.28,6.72,6.65
01-10-1995,153.5,7772.586,5.5,5.76,5013.9,-22758,-69.78,-0.198,90.2,5.4,5.57,5.65,5.83,5.91,6.01,6.11,6.17,6.6,6.49
01-11-1995,153.7,7804.546667,5.6,5.8,5055.6,-38452,-76.11833333,-0.1158,88.2,5.48,5.55,5.55,5.61,5.7,5.81,5.92,6.03,6.4,6.34
01-12-1995,153.9,7836.507333,5.6,5.6,5097.5,5283,-82.45666667,-0.3151,91,5.48,5.46,5.36,5.36,5.41,5.53,5.68,5.76,6.2,6.14
01-01-1996,154.7,7868.468,5.6,5.56,5085.7,19456,-88.795,-0.1987,89.3,5.1,5.17,5.18,5.18,5.25,5.38,5.49,5.58,6.01,5.96
01-02-1996,155,7923.258667,5.5,5.22,5132.8,-44346,-90.433,-0.40575,88.5,5.05,4.97,4.9,4.93,5.06,5.25,5.46,5.6,6.07,6.03
01-03-1996,155.5,7978.049333,5.5,5.31,5173.3,-47071,-92.071,-0.497,93.7,5.02,5.05,5.23,5.44,5.56,5.73,5.99,6.13,6.57,6.48
01-04-1996,156.1,8032.84,5.6,5.22,5208,72404,-93.709,-0.1629,92.7,5.13,5.2,5.41,5.79,5.91,6.1,6.3,6.34,6.83,6.67
01-05-1996,156.4,8065.696,5.6,5.24,5223.8,-53051,-100.5326667,-0.22645,89.4,5.14,5.3,5.62,6.03,6.19,6.4,6.58,6.66,7.06,6.89
01-06-1996,156.7,8098.552,5.3,5.27,5229.8,34340,-107.3563333,-0.31905,92.4,5.18,5.36,5.77,6.27,6.44,6.64,6.78,6.85,7.17,7
01-07-1996,157,8131.408,5.5,5.4,5251.9,-26856,-114.18,-0.26025,94.7,5.18,5.37,5.7,6.11,6.3,6.47,6.61,6.73,7.03,6.9
01-08-1996,157.2,8174.195667,5.1,5.22,5275,-41831,-105.7273333,-0.1773,95.3,5.32,5.47,5.85,6.22,6.39,6.57,6.68,6.8,7.07,6.98
01-09-1996,157.7,8216.983333,5.2,5.3,5296.6,35257,-97.27466667,-0.32435,94.7,5.29,5.49,5.91,6.34,6.54,6.73,6.86,6.96,7.28,7.13
01-10-1996,158.2,8259.771,5.2,5.24,5328.5,-39805,-88.822,-0.0147,96.5,5.14,5.37,5.71,6.1,6.28,6.46,6.6,6.72,7.05,6.93
01-11-1996,158.7,8294.065667,5.4,5.31,5351.2,-37878,-95.49433333,-0.0803,99.2,5.17,5.3,5.44,5.77,5.92,6.1,6.24,6.37,6.74,6.66
01-12-1996,159.1,8328.360333,5.4,5.29,5378.6,18490,-102.1666667,-0.2213,96.9,5.13,5.25,5.38,5.59,5.7,5.84,5.97,6.06,6.45,6.36
01-01-1997,159.4,8362.655,5.3,5.25,5411.1,13364,-108.839,-0.22485,97.4,5.21,5.33,5.51,5.88,6.04,6.21,6.34,6.43,6.73,6.65
01-02-1997,159.7,8414.711667,5.2,5.19,5434,-44010,-100.9596667,-0.23535,99.7,5.15,5.28,5.58,5.94,6.08,6.26,6.4,6.53,6.86,6.8
01-03-1997,159.8,8466.768333,5.2,5.39,5454.2,-21323,-93.08033333,-0.36445,100,5.22,5.39,5.67,6.09,6.23,6.39,6.5,6.56,6.91,6.8
01-04-1997,159.9,8518.825,5.1,5.51,5459.3,93939,-85.201,-0.25495,101.4,5.35,5.55,6.02,6.45,6.6,6.77,6.89,6.92,7.22,7.1
01-05-1997,159.9,8566.824333,4.9,5.5,5460.2,-48494,-89.07766667,-0.216,103.2,5.28,5.53,5.9,6.29,6.42,6.57,6.68,6.72,7.05,6.95
01-06-1997,160.2,8614.823667,5,5.56,5494.2,54635,-92.95433333,-0.03565,104.5,4.96,5.46,5.78,6.22,6.37,6.51,6.61,6.67,6.99,6.92
01-07-1997,160.4,8662.823,4.9,5.52,5548.8,-25624,-96.831,-0.152,107.1,5.25,5.34,5.67,6.08,6.25,6.4,6.49,6.51,6.86,6.8
01-08-1997,160.8,8697.184333,4.8,5.54,5587,-35189,-103.5586667,-0.4061,104.4,5.25,5.33,5.45,5.74,5.81,5.9,5.99,6.02,6.35,6.3
01-09-1997,161.2,8731.545667,4.9,5.54,5601.7,49940,-110.2863333,-0.1868,106,5.24,5.39,5.59,5.97,6.1,6.22,6.33,6.34,6.69,6.61
01-10-1997,161.5,8765.907,4.7,5.5,5637.7,-35968,-117.014,-0.0177,105.6,5.06,5.28,5.47,5.8,5.88,6,6.11,6.12,6.47,6.41
01-11-1997,161.7,8799.431333,4.6,5.52,5661.1,-17349,-123.081,0.3553,107.2,5.21,5.32,5.36,5.63,5.7,5.72,5.87,5.84,6.21,6.15
01-12-1997,161.8,8832.955667,4.7,5.5,5692.1,13639,-129.148,-0.1347,102.1,5.22,5.43,5.52,5.76,5.8,5.83,5.89,5.86,6.12,6.04
01-01-1998,162,8866.48,4.6,5.56,5689.9,25379,-135.215,-0.1598,106.6,5.36,5.45,5.51,5.66,5.68,5.71,5.77,5.75,6.02,5.93
01-02-1998,162,8900.886333,4.6,5.51,5723.8,-41750,-144.2536667,-0.2508,110.4,5.19,5.24,5.24,5.32,5.35,5.39,5.51,5.53,5.88,5.82
01-03-1998,162,8935.292667,4.7,5.49,5750.3,-13813,-153.2923333,-0.4009,106.5,5.32,5.33,5.41,5.55,5.55,5.59,5.67,5.62,5.99,5.92
01-04-1998,162.2,8969.699,4.3,5.45,5788.1,124603,-162.331,-0.21695,108.7,5.16,5.27,5.41,5.6,5.61,5.64,5.74,5.67,6.02,5.94
01-05-1998,162.6,9020.165,4.4,5.49,5837.9,-38779,-166.432,-0.0029,106.5,5,5.24,5.4,5.59,5.62,5.65,5.74,5.68,6.04,5.95
01-06-1998,162.8,9070.631,4.5,5.56,5871.7,51106,-170.533,-0.11015,105.6,5.03,5.33,5.42,5.53,5.54,5.56,5.63,5.56,5.9,5.81
01-07-1998,163.2,9121.097,4.5,5.54,5890,-24084,-174.634,-0.2256,105.2,5.1,5.24,5.38,5.49,5.49,5.47,5.52,5.44,5.73,5.62
01-08-1998,163.4,9178.728333,4.5,5.55,5925,-11166,-175.977,0.09615,104.4,5.1,5.21,5.38,5.49,5.48,5.52,5.56,5.5,5.81,5.72
01-09-1998,163.5,9236.359667,4.6,5.51,5965.6,37425,-177.32,1.18205,100.9,4.96,5.03,4.95,4.91,4.85,4.91,5.03,5.05,5.45,5.3
01-10-1998,163.9,9293.991,4.5,5.07,5998.8,-32440,-178.663,1.041,97.4,4.37,4.49,4.41,4.3,4.26,4.23,4.38,4.44,5.17,4.98
01-11-1998,164.1,9333.221333,4.4,4.83,6015.4,-16937,-189.9616667,0.78295,102.7,4.33,4.36,4.18,4.12,4.24,4.24,4.47,4.64,5.38,5.15
01-12-1998,164.4,9372.451667,4.4,4.68,6070.5,-5156,-201.2603333,0.38125,100.5,4.57,4.58,4.53,4.54,4.54,4.51,4.7,4.74,5.33,5.08
01-01-1999,164.7,9411.682,4.3,4.63,6073.9,70505,-212.559,0.4445,103.9,4.48,4.55,4.53,4.54,4.55,4.56,4.73,4.65,5.39,5.09
01-02-1999,164.7,9449.858,4.4,4.76,6099.2,-42337,-224.216,0.20655,108.1,4.53,4.56,4.58,4.65,4.65,4.65,4.82,4.75,5.45,5.19
01-03-1999,164.8,9488.034,4.2,4.81,6133,-22409,-235.873,0.0065,105.7,4.71,4.79,4.91,5.2,5.28,5.32,5.49,5.4,5.94,5.67
01-04-1999,165.9,9526.21,4.3,4.74,6199.5,113459,-247.53,0.11525,104.6,4.44,4.51,4.73,5.01,5.08,5.15,5.4,5.27,5.96,5.67
01-05-1999,166,9579.682,4.2,4.74,6232.1,-23969,-257.1543333,-0.0717,106.8,4.62,4.69,4.79,5.08,5.16,5.25,5.44,5.38,5.93,5.67
01-06-1999,166,9633.154,4.3,4.76,6260.3,53568,-266.7786667,0.1708,107.3,4.77,4.97,5.09,5.54,5.63,5.74,5.99,5.78,6.27,5.94
01-07-1999,166.7,9686.626,4.3,4.99,6287.6,-25164,-276.403,0.0667,106,4.68,5.01,5.09,5.58,5.65,5.73,5.98,5.85,6.32,6.02
01-08-1999,167.1,9757.807,4.2,5.07,6331.9,-2803,-284.838,0.382,104.5,4.85,4.97,5.15,5.65,5.76,5.85,6.11,5.92,6.4,6.13
01-09-1999,167.8,9828.988,4.2,5.22,6386.5,58042,-293.273,0.20595,107.2,4.97,5.21,5.3,5.74,5.82,5.88,6.2,5.99,6.5,6.08
01-10-1999,168.1,9900.169,4.1,5.2,6411.4,-26326,-301.708,0.5173,103.2,4.88,5.01,5.3,5.73,5.83,5.9,6.22,6,6.57,6.15
01-11-1999,168.4,9934.172333,4.1,5.42,6448.7,-27031,-319.9996667,0.5243,107.2,5.16,5.32,5.47,5.83,5.93,6,6.23,6.06,6.55,6.19
01-12-1999,168.8,9968.175667,4,5.3,6541,33081,-338.2913333,0.25275,105.4,5.27,5.58,5.73,6.04,6.11,6.14,6.32,6.21,6.65,6.3
01-01-2000,169.3,10002.179,4,5.45,6542.9,62152,-356.583,0.2243,112,5.48,5.81,6.09,6.38,6.42,6.5,6.65,6.58,6.94,6.61
01-02-2000,170,10084.026,4.1,5.73,6625.3,-41734,-358.5556667,-0.0114,111.3,5.71,5.95,6.3,6.6,6.63,6.68,6.71,6.62,6.66,6.43
01-03-2000,171,10165.873,4,5.85,6686.5,-35380,-360.5283333,0.07425,107.1,5.76,6.02,6.17,6.52,6.54,6.59,6.63,6.39,6.48,6.16
01-04-2000,170.9,10247.72,3.8,6.02,6679.1,159497,-362.501,0.32695,109.2,5.87,6.18,6.23,6.45,6.41,6.3,6.25,6,6.19,5.84
01-05-2000,171.2,10271.20167,4,6.27,6709.7,-3611,-372.9563333,0.4364,110.7,6,6.25,6.24,6.73,6.68,6.59,6.55,6.29,6.33,5.98
01-06-2000,172.2,10294.68333,4,6.53,6746.9,55888,-383.4116667,0.7657,106.4,5.74,6.27,6.32,6.61,6.56,6.44,6.44,6.2,6.33,5.95
01-07-2000,172.7,10318.165,4,6.54,6768.5,5061,-393.867,0.51095,108.3,6,6.24,6.07,6.31,6.24,6.12,6.19,6,6.22,5.87
01-08-2000,172.7,10357.358,4.1,6.5,6802.8,-10427,-399.6923333,0.1535,107.3,6.25,6.39,6.09,6.27,6.2,6.12,6.14,6,6.09,5.74
01-09-2000,173.6,10396.551,3.9,6.52,6888.6,65747,-405.5176667,-0.1134,106.8,6.27,6.32,6.18,6.09,6.01,5.92,5.91,5.68,5.95,5.67
01-10-2000,173.9,10435.744,3.9,6.51,6893.8,-11321,-411.343,0.1838,105.8,6.27,6.33,6.06,5.98,5.92,5.86,5.95,5.83,6.18,5.93
01-11-2000,174.2,10447.23967,3.9,6.51,6909.8,-23690,-408.4463333,0.1597,107.6,6.37,6.35,6.1,5.88,5.82,5.79,5.83,5.74,6,5.78
01-12-2000,174.6,10458.73533,3.9,6.4,6952.2,32666,-405.5496667,0.5903,98.4,6.23,6.19,5.93,5.62,5.55,5.46,5.56,5.52,5.82,5.64
01-01-2001,175.6,10470.231,4.2,5.98,6987.4,76379,-402.653,0.88385,94.7,5.87,5.58,5.11,4.87,4.82,4.76,4.97,4.92,5.46,5.35
01-02-2001,176,10513.154,4.2,5.49,7001.8,-48168,-389.7736667,0.288,90.6,5,4.81,4.56,4.55,4.59,4.78,5.01,5.1,5.55,5.46
01-03-2001,176.1,10556.077,4.3,5.31,6996.7,-50662,-376.8943333,0.54235,91.5,4.84,4.68,4.45,4.41,4.48,4.67,4.88,4.87,5.45,5.29
01-04-2001,176.4,10599,4.4,4.8,7004.2,189796,-364.015,0.8309,88.4,4.22,4.16,4.1,4.22,4.37,4.66,4.92,4.98,5.64,5.49
01-05-2001,177.3,10598.67333,4.3,4.21,7052.8,-27919,-366.2213333,0.52425,92,3.92,3.92,3.91,4.23,4.5,4.94,5.17,5.3,5.87,5.75
01-06-2001,177.7,10598.34667,4.5,3.97,7069.7,31862,-368.4276667,0.3178,92.6,3.67,3.61,3.67,4.22,4.49,4.94,5.24,5.39,5.89,5.71
01-07-2001,177.4,10598.02,4.6,3.77,7082.3,2820,-370.634,0.12115,92.4,3.67,3.61,3.74,4.21,4.47,4.88,5.21,5.37,5.86,5.7
01-08-2001,177.4,10618.835,4.9,3.65,7121.7,-79990,-370.3186667,0.0977,91.5,3.53,3.47,3.56,3.83,4.09,4.62,4.9,5.11,5.63,5.53
01-09-2001,178.1,10639.65,5,3.07,7007,35501,-370.0033333,0.25245,81.8,3.44,3.43,3.55,3.83,4.1,4.63,4.88,4.99,5.59,5.5
01-10-2001,177.6,10660.465,5.3,2.49,7212.9,-7656,-369.688,0.7832,82.7,2.37,2.37,2.47,2.82,3.18,3.9,4.33,4.55,5.39,5.38
01-11-2001,177.5,10701.47667,5.5,2.09,7182.3,-54267,-375.42,0.7168,83.9,2.06,1.99,2.1,2.49,2.91,3.66,4.01,4.24,5,4.79
01-12-2001,177.4,10742.48833,5.7,1.82,7166.7,26567,-381.152,0.6056,88.8,1.78,1.81,2.08,2.82,3.28,4.04,4.51,4.75,5.49,5.26
01-01-2002,177.7,10783.5,5.7,1.73,7184.6,43729,-386.884,0.39455,93,1.74,1.85,2.28,3.22,3.75,4.52,4.97,5.2,5.86,5.56
01-02-2002,178,10818.15333,5.7,1.74,7225.2,-76056,-400.6756667,0.3091,90.7,1.76,1.87,2.22,3.08,3.62,4.37,4.78,5.02,5.63,5.4
01-03-2002,178.5,10852.80667,5.7,1.73,7243.4,-64238,-414.4673333,0.1777,95.7,1.77,1.91,2.33,3.18,3.73,4.43,4.82,4.98,5.7,
01-04-2002,179.3,10887.46,5.9,1.75,7312.5,67170,-428.259,0.25345,93,1.79,2.16,2.76,3.74,4.29,4.93,5.29,5.44,6.04,
01-05-2002,179.5,10919.65333,5.8,1.75,7288.9,-80631,-434.6886667,0.1478,96.9,1.77,1.91,2.33,3.21,3.78,4.49,4.86,5.08,5.71,
01-06-2002,179.6,10951.84667,5.8,1.75,7322.5,29071,-441.1183333,0.25025,92.4,1.77,1.93,2.35,3.19,3.72,4.36,4.75,5.06,5.76,
01-07-2002,180,10984.04,5.8,1.73,7387.3,-29159,-447.548,0.70195,88.1,1.72,1.78,2.09,2.88,3.35,4.08,4.54,4.85,5.64,
01-08-2002,180.5,11009.83767,5.7,1.74,7412.6,-54709,-463.795,1.0321,87.6,1.68,1.66,1.75,2.15,2.6,3.46,4.04,4.47,5.41,
01-09-2002,180.8,11035.63533,5.7,1.75,7391.5,42388,-480.042,0.89585,86.1,1.64,1.62,1.71,2.01,2.36,3.04,3.63,3.98,4.92,
01-10-2002,181.2,11061.433,5.7,1.75,7435.2,-54072,-496.289,1.1767,80.6,1.59,1.54,1.56,1.8,2.11,2.75,3.34,3.72,4.81,
01-11-2002,181.5,11098.99833,5.9,1.34,7463.8,-58883,-505.9466667,1.0721,84.2,1.43,1.42,1.46,1.76,2.14,2.92,3.54,4.01,5.07,
01-12-2002,181.8,11136.56367,6,1.24,7519.9,4719,-515.6043333,0.59155,86.7,1.24,1.31,1.56,2.07,2.51,3.31,3.89,4.22,5.17,
01-01-2003,182.6,11174.129,5.8,1.24,7541.3,10633,-525.262,0.72745,82.4,1.22,1.25,1.42,1.8,2.22,3.05,3.62,4.07,5.05,
01-02-2003,183.6,11220.34133,5.9,1.26,7548.6,-96663,-523.4646667,0.72565,79.9,1.18,1.21,1.34,1.72,2.17,3.05,3.58,4.01,4.93,
01-03-2003,183.9,11266.55367,5.9,1.25,7611.5,-58877,-521.6673333,0.47625,77.6,1.2,1.21,1.26,1.52,1.89,2.66,3.21,3.68,4.69,
01-04-2003,183.2,11312.766,6,1.26,7634.5,51066,-519.87,0.3814,86,1.12,1.1,1.16,1.5,1.92,2.78,3.35,3.84,4.85,
01-05-2003,182.9,11397.40033,6.1,1.26,7650.3,-88867,-519.578,0.01595,92.1,1.1,1.13,1.21,1.5,1.93,2.82,3.37,3.88,4.8,
01-06-2003,183.1,11482.03467,6.3,1.22,7699.6,21230,-519.286,0.17285,89.7,1.14,1.12,1.15,1.33,1.61,2.37,2.94,3.43,4.43,
01-07-2003,183.7,11566.669,6.2,1.01,7757,-54240,-518.994,0.22265,90.9,0.89,0.96,1.07,1.3,1.66,2.48,3.06,3.56,4.54,
01-08-2003,184.5,11635.19067,6.1,1.03,7852.1,-76587,-520.5606667,0.0985,89.3,0.95,1.05,1.31,1.85,2.38,3.37,4.01,4.44,5.42,
01-09-2003,185.1,11703.71233,6.1,1.01,7853.7,23402,-522.1273333,-0.0954,87.7,0.98,1.07,1.39,2.04,2.62,3.63,4.17,4.61,5.48,
01-10-2003,184.9,11772.234,6,1.01,7867.4,-69545,-523.694,-0.00365,89.6,0.95,1,1.13,1.47,1.93,2.84,3.4,3.96,4.92,
01-11-2003,185,11822.63833,5.8,1,7922.6,-42971,-537.7876667,-0.34505,93.7,0.96,1.05,1.33,1.9,2.44,3.34,3.88,4.4,5.25,
01-12-2003,185.5,11873.04267,5.7,0.98,7950.4,-17640,-551.8813333,-0.3887,92.6,0.95,1.06,1.41,2.12,2.64,3.46,3.98,4.4,5.23,
01-01-2004,186.3,11923.447,5.7,1,8007.1,-1633,-565.975,-0.3062,103.8,0.93,1.02,1.31,1.94,2.47,3.36,3.9,4.38,5.21,
01-02-2004,186.7,11986.56967,5.6,1.01,8040.4,-96701,-583.177,-0.4283,94.4,0.94,1.03,1.29,1.83,2.36,3.18,3.7,4.18,5.02,
01-03-2004,187.1,12049.69233,5.8,1,8098.8,-72913,-600.379,-0.6493,95.8,0.97,1.02,1.23,1.67,2.15,2.98,3.49,4,4.86,
01-04-2004,187.4,12112.815,5.6,1,8107.2,17578,-617.581,-0.5482,94.2,0.93,1.02,1.23,1.65,2.06,2.87,3.38,3.91,4.77,
01-05-2004,188.2,12176.979,5.6,1,8176.5,-62463,-629.278,-0.4546,90.2,1,1.21,1.6,2.34,2.86,3.63,4.11,4.53,5.3,
01-06-2004,188.9,12241.143,5.6,1.03,8157.6,19124,-640.975,-0.601,95.6,1.17,1.44,1.89,2.6,3.14,3.86,4.31,4.71,5.45,
01-07-2004,189.1,12305.307,5.5,1.26,8236.9,-69160,-652.672,-0.54,96.7,1.22,1.64,2.07,2.64,3.08,3.74,4.18,4.57,5.31,
01-08-2004,189.2,12379.276,5.4,1.43,8271.6,-41132,-668.56,-0.45875,95.9,1.5,1.78,2.12,2.66,3.06,3.68,4.1,4.48,5.22,
01-09-2004,189.8,12453.245,5.4,1.61,8341.5,24611,-684.448,-0.60365,94.2,1.58,1.79,1.99,2.41,2.74,3.32,3.76,4.13,4.93,
01-10-2004,190.8,12527.214,5.5,1.76,8397.1,-56618,-700.336,-0.6099,91.7,1.71,2,2.21,2.63,2.92,3.44,3.85,4.21,4.95,
01-11-2004,191.7,12607.238,5.4,1.93,8444.5,-57170,-699.109,-0.77625,92.8,1.99,2.2,2.34,2.61,2.89,3.36,3.76,4.11,4.84,
01-12-2004,191.7,12687.262,5.4,2.16,8504.4,-2561,-697.882,-0.8438,97.1,2.22,2.4,2.6,3.01,3.28,3.72,4.08,4.38,5.04,
01-01-2005,191.6,12767.286,5.3,2.28,8497.7,8106,-696.655,-0.7536,95.5,2.32,2.63,2.79,3.1,3.28,3.64,3.94,4.23,4.84,
01-02-2005,192.4,12819.076,5.4,2.5,8559.1,-113789,-700.1733333,-0.82075,94.1,2.51,2.77,2.95,3.29,3.43,3.71,3.93,4.15,4.65,
01-03-2005,193.1,12870.866,5.2,2.63,8598.4,-71724,-703.6916667,-0.9714,92.6,2.75,3,3.2,3.59,3.76,4.02,4.19,4.38,4.8,
01-04-2005,193.7,12922.656,5.2,2.79,8678.4,57924,-707.21,-0.6877,87.7,2.8,3.13,3.34,3.75,3.9,4.13,4.29,4.46,4.85,
01-05-2005,193.6,12995.98467,5.1,3,8671.6,-36190,-721.7936667,-0.71625,86.9,2.93,3.19,3.34,3.64,3.71,3.88,4.02,4.21,4.61,
01-06-2005,193.7,13069.31333,5,3.04,8753.4,22473,-736.3773333,-0.68975,96,2.97,3.12,3.25,3.5,3.55,3.63,3.74,3.91,4.31,
01-07-2005,194.9,13142.642,5,3.26,8853.8,-53395,-750.961,-0.7166,96.5,3.17,3.38,3.51,3.76,3.77,3.84,3.92,4.06,4.37,
01-08-2005,196.1,13203.16267,4.9,3.5,8850.1,-51036,-768.9026667,-0.8971,89.1,3.48,3.73,3.83,4.04,4.09,4.16,4.22,4.32,4.59,
01-09-2005,198.8,13263.68333,5,3.62,8900.4,35234,-786.8443333,-0.6615,76.9,3.48,3.62,3.66,3.72,3.8,3.85,3.91,4.02,4.31,
01-10-2005,199.1,13324.204,5,3.78,8938.5,-47277,-804.786,-0.6337,74.2,3.61,4.02,4.09,4.21,4.23,4.25,4.31,4.39,4.67,
01-11-2005,198.1,13415.856,5,4,8946.2,-83072,-800.13,-0.83965,81.6,3.96,4.25,4.31,4.42,4.44,4.47,4.51,4.58,4.85,
01-12-2005,198.1,13507.508,4.9,4.16,8981.1,10967,-795.474,-0.64455,91.5,3.97,4.32,4.36,4.45,4.44,4.45,4.47,4.52,4.83,
01-01-2006,199.3,13599.16,4.7,4.29,9071.6,20964,-790.818,-0.6348,91.2,4.16,4.4,4.38,4.34,4.3,4.3,4.32,4.37,4.62,
01-02-2006,199.4,13650.58133,4.8,4.49,9096,-119237,-791.8926667,-1.01455,86.7,4.47,4.6,4.6,4.59,4.54,4.51,4.52,4.57,4.77,
01-03-2006,199.7,13702.00267,4.7,4.59,9132.9,-85281,-792.9673333,-1.06815,88.9,4.6,4.75,4.74,4.71,4.68,4.63,4.6,4.59,4.74,4.56
01-04-2006,200.7,13753.424,4.7,4.79,9191.6,118841,-794.042,-0.9534,87.4,4.67,4.86,4.86,4.86,4.85,4.85,4.86,4.88,5.08,4.9
01-05-2006,201.3,13792.34533,4.6,4.94,9231.8,-42907,-803.7893333,-1.0234,79.1,4.82,4.98,4.97,4.94,4.95,4.99,5.04,5.14,5.38,5.23
01-06-2006,201.8,13831.26667,4.6,4.99,9259.6,20517,-813.5366667,-0.7446,84.9,4.83,5.06,5.05,5.04,5.02,5.03,5.05,5.11,5.34,5.2
01-07-2006,202.9,13870.188,4.7,5.24,9343.8,-33164,-823.284,-0.7892,84.7,5.08,5.31,5.26,5.17,5.14,5.11,5.12,5.15,5.33,5.2
01-08-2006,203.8,13926.64533,4.7,5.25,9342.2,-64717,-794.7453333,-0.8195,82,5.12,5.18,5.11,4.97,4.91,4.9,4.92,4.99,5.17,5.07
01-09-2006,202.8,13983.10267,4.5,5.25,9375.4,56167,-766.2066667,-0.8744,85.4,5.02,5.1,4.99,4.77,4.7,4.68,4.69,4.73,4.95,4.87
01-10-2006,201.9,14039.56,4.4,5.25,9393.6,-49321,-737.668,-0.6926,93.6,4.88,5.02,4.9,4.66,4.59,4.56,4.57,4.62,4.83,4.76
01-11-2006,202,14098.257,4.5,5.25,9400.2,-73042,-738.203,-0.9058,92.1,5.07,5.1,4.95,4.66,4.56,4.52,4.52,4.57,4.77,4.68
01-12-2006,203.1,14156.954,4.4,5.24,9488.3,41961,-738.738,-0.7251,91.7,5.03,5.05,4.87,4.52,4.43,4.39,4.39,4.43,4.64,4.54
01-01-2007,203.437,14215.651,4.6,5.25,9538.7,38236,-739.273,-0.8574,96.9,5.07,5.11,5,4.8,4.71,4.68,4.68,4.68,4.87,4.79
01-02-2007,204.226,14277.79467,4.5,5.26,9566,-119993,-741.4506667,-1.08545,91.3,5.13,5.16,5.09,4.96,4.88,4.84,4.84,4.84,5.02,4.93
01-03-2007,205.288,14339.93833,4.4,5.26,9611.7,-96270,-743.6283333,-0.8929,88.4,5.15,5.11,4.95,4.63,4.54,4.5,4.51,4.56,4.78,4.68
01-04-2007,205.904,14402.082,4.5,5.25,9643.6,177674,-745.806,-0.8933,87.1,5.04,5.09,4.92,4.6,4.53,4.54,4.57,4.65,4.92,4.84
01-05-2007,206.755,14456.09367,4.4,5.25,9685.8,-67699,-740.1886667,-0.84655,88.3,4.9,5.01,4.89,4.63,4.56,4.54,4.57,4.64,4.89,4.81
01-06-2007,207.234,14510.10533,4.6,5.25,9706.8,27481,-734.5713333,-0.7641,85.3,4.79,4.98,4.98,4.97,4.94,4.92,4.92,4.95,5.15,5.06
01-07-2007,207.603,14564.117,4.7,5.26,9751.1,-36447,-728.954,-0.51785,90.4,4.95,5.02,4.97,4.86,4.86,4.9,4.93,5,5.18,5.09
01-08-2007,207.667,14614.43067,4.6,5.02,9798.9,-116973,-729.2023333,0.0441,83.4,4.89,4.96,4.82,4.56,4.53,4.6,4.66,4.76,4.99,4.9
01-09-2007,208.547,14664.74433,4.7,4.94,9845.1,112866,-729.4506667,1.32375,83.4,4.47,4.52,4.39,4.13,4.16,4.26,4.38,4.56,4.88,4.84
01-10-2007,209.19,14715.058,4.7,4.76,9882.7,-56838,-729.699,0.82095,80.9,3.92,4.15,4.11,4.02,4.05,4.24,4.37,4.56,4.85,4.79
01-11-2007,210.834,14712.218,4.7,4.49,9955.9,-98238,-743.5486667,0.728,76.1,3.81,3.95,3.89,3.77,3.8,4.02,4.16,4.36,4.69,4.64
01-12-2007,211.445,14709.378,5,4.24,9972.8,48261,-757.3983333,2.25355,75.5,3.06,3.28,3.15,2.9,2.93,3.28,3.53,3.89,4.38,4.34
01-01-2008,212.174,14706.538,5,3.94,9996.4,17839,-771.248,1.66525,78.4,3.26,3.32,3.17,2.88,2.89,3.28,3.54,3.91,4.39,4.35
01-02-2008,212.687,14759.59233,4.9,2.98,9981.7,-175563,-772.9666667,1.1203,70.8,2.1,2.15,2.13,2.09,2.22,2.75,3.13,3.62,4.31,4.32
01-03-2008,213.448,14812.64667,5.1,2.61,10035.3,-48212,-774.6853333,2.04905,69.5,1.7,1.8,1.74,1.61,1.84,2.48,2.96,3.54,4.37,4.42
01-04-2008,213.942,14865.701,5,2.28,10070.3,159282,-776.404,1.76165,62.6,1.4,1.53,1.62,1.8,1.94,2.65,3.04,3.57,4.4,4.4
01-05-2008,215.208,14876.80033,5.4,1.98,10132.3,-165927,-780.054,1.53375,59.8,1.45,1.73,1.94,2.37,2.53,3.06,3.36,3.78,4.49,4.49
01-06-2008,217.463,14887.89967,5.6,2,10187.1,33547,-783.704,0.9923,56.4,1.85,1.99,2.17,2.51,2.82,3.28,3.56,3.98,4.69,4.68
01-07-2008,219.016,14898.999,5.8,2.01,10185.1,-102767,-787.354,1.7186,61.2,1.87,2.13,2.38,2.63,2.9,3.33,3.62,4.01,4.6,4.55
01-08-2008,218.69,14802.069,6.1,2,10175.7,-111914,-734.394,1.5965,63,1.66,1.88,2.25,2.51,2.79,3.23,3.54,3.97,4.61,4.57
01-09-2008,218.877,14705.139,6.1,1.81,10116.4,45734,-681.434,1.5709,70.3,1.72,1.93,2.12,2.26,2.51,3,3.37,3.74,4.39,4.36
01-10-2008,216.995,14608.209,6.5,0.97,10034.1,-155533,-628.474,5.78965,57.6,0.85,1.49,1.72,1.82,2.12,2.87,3.29,3.77,4.33,4.22
01-11-2008,213.153,14549.10667,6.8,0.39,9885.2,-125201,-559.3133333,6.35985,55.3,0.49,1.07,1.31,1.45,1.69,2.71,3.21,3.96,4.73,4.33
01-12-2008,211.398,14490.00433,7.3,0.16,9801.5,-51754,-490.1526667,6.4606,60.1,0.07,0.44,0.81,0.9,1.16,1.71,2.13,2.72,3.51,3.22
01-01-2009,211.933,14430.902,7.8,0.15,9847.2,-63457,-420.992,4.37005,61.2,0.08,0.28,0.4,0.88,1.14,1.72,2.07,2.46,3.22,2.83
01-02-2009,212.705,14414.34667,8.3,0.22,9824.5,-193859,-400.1173333,3.37405,56.3,0.27,0.39,0.51,0.89,1.27,1.75,2.16,2.76,3.75,3.47
01-03-2009,212.495,14397.79133,8.7,0.18,9773.2,-191589,-379.2426667,4.0421,57.3,0.28,0.45,0.67,0.89,1.28,1.86,2.54,2.91,3.89,3.64
01-04-2009,212.709,14381.236,9,0.15,9772.5,-20907,-358.368,2.6502,65.1,0.22,0.41,0.58,0.83,1.16,1.65,2.25,2.68,3.54,3.51
01-05-2009,213.022,14403.78467,9.4,0.18,9791.6,-189651,-380.2446667,1.9272,68.7,0.16,0.31,0.49,0.92,1.39,2.03,2.72,3.21,4.14,4.09
01-06-2009,214.79,14426.33333,9.5,0.21,9852.4,-94332,-402.1213333,1.0351,70.8,0.13,0.29,0.48,0.97,1.52,2.55,3.28,3.71,4.56,4.55
01-07-2009,214.726,14448.882,9.5,0.16,9886.3,-180680,-423.998,1.2482,66,0.17,0.33,0.54,1.05,1.57,2.51,3.2,3.55,4.32,4.34
01-08-2009,215.445,14516.33767,9.6,0.16,10004.1,-103555,-440.4166667,0.1241,65.7,0.19,0.28,0.48,1.18,1.72,2.66,3.3,3.66,4.4,4.42
01-09-2009,215.861,14583.79333,9.8,0.15,9927.8,-45207,-456.8353333,0.4789,73.5,0.14,0.23,0.43,0.92,1.44,2.33,2.99,3.38,4.14,4.19
01-10-2009,216.509,14651.249,10,0.12,9976.7,-176363,-473.254,0.1733,70.6,0.1,0.15,0.37,0.87,1.36,2.2,2.82,3.21,3.95,3.97
01-11-2009,217.234,14689.036,9.9,0.12,9985.7,-120287,-485.2333333,0.317,67.4,0.06,0.17,0.38,0.92,1.44,2.33,3,3.45,4.22,4.26
01-12-2009,217.347,14726.823,9.9,0.12,10052.6,-91410,-497.2126667,0.0104,72.5,0.06,0.15,0.26,0.67,1.14,2.03,2.74,3.28,4.14,4.26
01-01-2010,217.488,14764.61,9.8,0.11,10056.1,-42634,-509.192,-0.301,74.4,0.08,0.18,0.45,1.09,1.66,2.65,3.36,3.85,4.6,4.65
01-02-2010,217.281,14836.471,9.8,0.13,10093.4,-220909,-520.2993333,-0.08895,73.6,0.1,0.17,0.33,0.86,1.41,2.38,3.12,3.68,4.43,4.56
01-03-2010,217.353,14908.332,9.9,0.16,10156,-65387,-531.4066667,-0.3672,73.6,0.13,0.19,0.32,0.8,1.34,2.28,3.04,3.61,4.41,4.56
01-04-2010,217.403,14980.193,9.9,0.2,10182.3,-82689,-542.514,-0.4871,72.2,0.16,0.24,0.42,1.05,1.63,2.59,3.32,3.89,4.58,4.74
01-05-2010,217.29,15033.99767,9.6,0.2,10210.8,-135927,-546.3236667,0.0496,73.6,0.17,0.25,0.43,1,1.56,2.47,3.16,3.72,4.37,4.53
01-06-2010,217.199,15087.80233,9.4,0.18,10231.3,-68422,-550.1333333,0.7758,76,0.16,0.23,0.35,0.78,1.26,2.09,2.74,3.29,4.03,4.19
01-07-2010,217.605,15141.607,9.4,0.18,10268.1,-165043,-553.943,0.59485,67.8,0.17,0.22,0.32,0.63,1.01,1.8,2.43,2.96,3.71,3.88
01-08-2010,217.923,15197.56267,9.5,0.19,10307.1,-90526,-543.824,0.0068,68.9,0.16,0.2,0.28,0.56,0.85,1.64,2.35,2.99,3.82,4.06
01-09-2010,218.275,15253.51833,9.5,0.19,10327.1,-34607,-533.705,0.24185,68.2,0.13,0.19,0.25,0.5,0.75,1.41,2.02,2.58,3.35,3.65
01-10-2010,219.035,15309.474,9.4,0.19,10386.4,-140432,-523.586,-0.008,67.7,0.16,0.19,0.26,0.42,0.63,1.26,1.9,2.54,3.4,3.71
01-11-2010,219.59,15323.46533,9.8,0.19,10433.6,-150394,-538.5493333,-0.2897,71.6,0.13,0.16,0.22,0.34,0.5,1.17,1.9,2.66,3.66,4.01
01-12-2010,220.472,15337.45667,9.3,0.18,10471,-78134,-553.5126667,-0.09715,74.5,0.16,0.2,0.28,0.53,0.84,1.64,2.33,2.97,3.95,4.24
01-01-2011,221.187,15351.448,9.1,0.17,10514.3,-49796,-568.476,-0.376,74.2,0.15,0.19,0.29,0.61,1.03,2.02,2.74,3.36,4.18,4.39
01-02-2011,221.898,15420.145,9,0.16,10540.6,-222507,-572.6813333,-0.4518,77.5,0.15,0.18,0.27,0.61,1.04,2.02,2.79,3.48,4.37,4.62
01-03-2011,223.046,15488.842,9,0.14,10619.7,-188154,-576.8866667,-0.2703,67.5,0.14,0.16,0.25,0.66,1.15,2.11,2.81,3.41,4.24,4.48
01-04-2011,224.093,15557.539,9.1,0.1,10652.1,-40387,-581.092,-0.4663,69.8,0.07,0.15,0.27,0.8,1.31,2.24,2.9,3.46,4.27,4.48
01-05-2011,224.806,15587.586,9,0.09,10672.2,-57641,-576.4316667,-0.5116,74.3,0.05,0.1,0.22,0.61,1.01,1.96,2.66,3.31,4.14,4.38
01-06-2011,224.806,15617.633,9.1,0.09,10694.8,-43080,-571.7713333,-0.3398,71.5,0.05,0.11,0.18,0.44,0.74,1.6,2.28,2.96,3.83,4.15
01-07-2011,225.395,15647.68,9,0.07,10731.6,-129376,-567.111,-0.489,63.7,0.02,0.1,0.2,0.5,0.85,1.8,2.54,3.22,4.12,4.4
01-08-2011,226.106,15712.53967,9,0.1,10750.3,-134143,-578.67,-0.05435,55.8,0.1,0.16,0.22,0.38,0.55,1.32,2.05,2.77,3.72,4.07
01-09-2011,226.597,15777.39933,9,0.08,10783.2,-62750,-590.229,0.56145,59.5,0.02,0.05,0.1,0.19,0.31,0.9,1.49,2.15,3.1,3.51
01-10-2011,226.75,15842.259,8.8,0.07,10802.9,-98466,-601.788,1.11485,60.8,0.02,0.06,0.12,0.24,0.39,0.87,1.33,1.8,2.51,2.76
01-11-2011,227.169,15917.77433,8.6,0.08,10806.8,-137302,-601.949,0.42285,63.7,0.01,0.05,0.13,0.23,0.38,0.9,1.45,2.01,2.73,2.99
01-12-2011,227.223,15993.28967,8.5,0.07,10817.8,-85967,-602.11,0.78655,69.9,0.01,0.05,0.12,0.27,0.41,0.97,1.55,2.11,2.82,3.12
01-01-2012,227.842,16068.805,8.3,0.08,10896.8,-27407,-602.271,0.3805,75,0.02,0.06,0.12,0.27,0.4,0.89,1.41,1.97,2.67,2.98
01-02-2012,228.329,16114.90833,8.3,0.1,10987.2,-231677,-589.9276667,0.09515,75.3,0.06,0.09,0.13,0.23,0.31,0.72,1.27,1.87,2.65,3.01
01-03-2012,228.807,16161.01167,8.2,0.13,10993.9,-198157,-577.5843333,-0.1315,76.2,0.08,0.13,0.18,0.3,0.43,0.89,1.44,2.03,2.8,3.15
01-04-2012,229.187,16207.115,8.2,0.14,11018.5,59117,-565.241,-0.1069,76.4,0.08,0.14,0.18,0.33,0.5,1.03,1.6,2.22,3,3.35
01-05-2012,228.713,16244.59033,8.2,0.16,11006.8,-124636,-551.1883333,-0.2022,79.3,0.09,0.15,0.19,0.27,0.39,0.84,1.35,1.98,2.76,3.16
01-06-2012,228.524,16282.06567,8.2,0.16,10989.8,-59741,-537.1356667,0.316,73.2,0.07,0.12,0.17,0.25,0.34,0.62,0.93,1.47,2.13,2.53
01-07-2012,228.59,16319.541,8.2,0.16,11016.8,-69604,-523.083,-0.0658,72.3,0.1,0.15,0.21,0.3,0.39,0.67,1.04,1.61,2.3,2.69
01-08-2012,229.918,16353.167,8.1,0.13,11056,-190533,-520.68,-0.17645,74.3,0.1,0.14,0.17,0.24,0.32,0.63,1.03,1.56,2.25,2.6
01-09-2012,231.015,16386.793,7.8,0.14,11105.3,75180,-518.277,-0.29065,78.3,0.1,0.14,0.16,0.23,0.31,0.62,1.03,1.59,2.3,2.69
01-10-2012,231.638,16420.419,7.8,0.16,11137.4,-119995,-515.874,-0.44575,82.6,0.09,0.14,0.17,0.25,0.31,0.62,1.04,1.64,2.41,2.81
01-11-2012,231.249,16496.34233,7.7,0.16,11178.4,-172112,-510.3653333,-0.44035,82.7,0.09,0.15,0.18,0.3,0.38,0.73,1.16,1.75,2.5,2.89
01-12-2012,231.221,16572.26567,7.9,0.16,11181.2,-1191,-504.8566667,-0.61345,72.9,0.1,0.14,0.18,0.25,0.34,0.63,1.05,1.63,2.37,2.8
01-01-2013,231.679,16648.189,8,0.14,11252.4,2886,-499.348,-0.59075,73.8,0.08,0.12,0.15,0.27,0.37,0.76,1.25,1.86,2.63,3.04
01-02-2013,232.937,16675.02167,7.7,0.15,11290.5,-203539,-499.0253333,-0.6667,77.6,0.06,0.11,0.15,0.27,0.4,0.88,1.4,2.04,2.83,3.21
01-03-2013,232.282,16701.85433,7.5,0.14,11290.1,-106530,-498.7026667,-0.6181,78.6,0.11,0.12,0.16,0.25,0.35,0.75,1.23,1.86,2.68,3.06
01-04-2013,231.797,16728.687,7.6,0.15,11281.1,112889,-498.38,-0.6748,76.4,0.08,0.11,0.14,0.23,0.36,0.76,1.23,1.86,2.7,3.08
01-05-2013,231.893,16803.73733,7.5,0.11,11321.6,-138732,-492.9423333,-0.76775,84.5,0.06,0.08,0.11,0.2,0.3,0.65,1.07,1.66,2.44,2.83
01-06-2013,232.445,16878.78767,7.5,0.09,11344.4,116501,-487.5046667,-0.31615,84.1,0.05,0.08,0.14,0.3,0.5,1.03,1.53,2.13,2.92,3.27
01-07-2013,232.9,16953.838,7.3,0.09,11372.6,-97597,-482.067,-0.12785,85.1,0.04,0.09,0.15,0.34,0.65,1.39,1.93,2.5,3.19,3.48
01-08-2013,233.456,17033.23167,7.2,0.08,11406.6,-147905,-466.051,-0.51785,82.1,0.04,0.08,0.13,0.35,0.65,1.49,2.15,2.74,3.48,3.77
01-09-2013,233.544,17112.62533,7.2,0.08,11445.9,75114,-450.035,-0.29995,77.5,0.02,0.05,0.14,0.43,0.83,1.68,2.31,2.86,3.54,3.79
01-10-2013,233.669,17192.019,7.2,0.09,11498,-90586,-434.019,-0.3822,73.2,0.02,0.04,0.1,0.33,0.66,1.42,2.04,2.66,3.43,3.72
01-11-2013,234.1,17193.92533,6.9,0.08,11562.5,-135226,-459.3753333,-0.6399,75.1,0.04,0.08,0.1,0.33,0.61,1.37,2.03,2.65,3.4,3.69
01-12-2013,234.719,17195.83167,6.7,0.09,11593.2,53220,-484.7316667,-0.6354,82.5,0.05,0.1,0.13,0.3,0.59,1.43,2.16,2.81,3.58,3.86
01-01-2014,235.288,17197.738,6.6,0.07,11578.8,-10250,-510.088,-0.7347,81.2,0.07,0.09,0.13,0.39,0.76,1.72,2.41,3,3.68,3.92
01-02-2014,235.547,17304.66133,6.7,0.07,11636.9,-193532,-508.5266667,-0.4585,81.6,0.05,0.07,0.11,0.3,0.64,1.44,2.07,2.61,3.29,3.55
01-03-2014,236.028,17411.58467,6.7,0.08,11722.3,-36895,-506.9653333,-0.7498,80,0.05,0.08,0.12,0.32,0.66,1.46,2.07,2.6,3.27,3.55
01-04-2014,236.468,17518.508,6.2,0.09,11762.3,106853,-505.404,-0.71745,84.1,0.04,0.06,0.13,0.44,0.91,1.74,2.32,2.77,3.35,3.6
01-05-2014,236.918,17613.748,6.3,0.09,11807.3,-129971,-500.055,-0.7838,81.9,0.03,0.05,0.1,0.41,0.86,1.66,2.21,2.63,3.16,3.41
01-06-2014,237.231,17708.988,6.1,0.1,11861.7,70519,-494.706,-0.86355,82.5,0.04,0.06,0.1,0.39,0.83,1.6,2.12,2.54,3.1,3.38
01-07-2014,237.498,17804.228,6.2,0.09,11904.4,-94621,-489.357,-0.8542,81.8,0.02,0.06,0.11,0.47,0.9,1.66,2.17,2.58,3.13,3.4
01-08-2014,237.46,17840.17833,6.1,0.09,11983.7,-128677,-503.155,-0.6674,82.5,0.03,0.05,0.13,0.47,0.94,1.67,2.16,2.52,3.03,3.29
01-09-2014,237.477,17876.12867,5.9,0.09,11991.4,105803,-516.953,-0.73055,84.6,0.03,0.05,0.1,0.53,0.99,1.69,2.11,2.42,2.91,3.17
01-10-2014,237.43,17912.079,5.7,0.09,12064.7,-121713,-530.751,-0.42615,86.9,0.02,0.04,0.1,0.53,1,1.69,2.12,2.42,2.87,3.12
01-11-2014,236.983,17962.56233,5.8,0.09,12083.9,-56818,-529.3113333,-0.55625,88.8,0.02,0.07,0.12,0.52,0.96,1.63,2.05,2.36,2.8,3.07
01-12-2014,236.252,18013.04567,5.6,0.12,12096.1,1864,-527.8716667,-0.4277,93.6,0.03,0.08,0.13,0.49,0.9,1.52,1.93,2.22,2.66,2.95
01-01-2015,234.747,18063.529,5.7,0.11,12066.7,-14996,-526.432,-0.3764,98.1,0.02,0.11,0.25,0.66,1.07,1.61,1.92,2.12,2.41,2.69
01-02-2015,235.342,18135.614,5.5,0.11,12116.6,-192359,-520.797,-0.15555,95.4,0.02,0.07,0.17,0.49,0.78,1.19,1.49,1.68,2.07,2.25
01-03-2015,235.976,18207.699,5.4,0.11,12176.1,-52910.05993,-515.162,-0.31155,93,0.02,0.08,0.22,0.66,1.06,1.57,1.89,2.08,2.46,2.68
01-04-2015,236.222,18279.784,5.4,0.12,12209.1,156714.0784,-509.527,-0.26445,95.9,0.03,0.12,0.27,0.55,0.86,1.32,1.65,1.87,2.23,2.47
01-05-2015,237.001,18320.398,5.6,0.12,12275.4,-82385.27842,-519.0453333,-0.4439,90.7,0.01,0.05,0.25,0.6,0.97,1.5,1.87,2.12,2.57,2.82
01-06-2015,237.657,18361.012,5.3,0.13,12307.9,51775.764,-528.5636667,-0.25255,96.1,0.02,0.07,0.26,0.64,0.99,1.55,1.93,2.19,2.69,2.94
01-07-2015,238.034,18401.626,5.2,0.13,12364.9,-149186.7661,-538.082,-0.17575,93.1,0.01,0.13,0.28,0.69,1.08,1.7,2.14,2.43,2.92,3.2
01-08-2015,238.033,18412.79633,5.1,0.14,12396.2,-64420.51991,-533.134,-0.1797,91.9,0.08,0.17,0.33,0.68,0.99,1.52,1.89,2.16,2.55,2.86
01-09-2015,237.498,18423.96667,5,0.14,12386.4,91060.53109,-528.186,0.40625,87.2,0.03,0.26,0.39,0.7,1.03,1.49,1.89,2.17,2.62,2.93
01-10-2015,237.733,18435.137,5,0.12,12394.9,-136532.0848,-523.238,0.50105,90,0,0.08,0.31,0.64,0.92,1.37,1.75,2.05,2.49,2.85
01-11-2015,238.017,18465.40233,5.1,0.12,12423.2,-64552.91958,-519.386,-0.14105,91.3,0.08,0.27,0.37,0.77,1.08,1.57,1.93,2.2,2.6,2.95
01-12-2015,237.761,18495.66767,5,0.24,12452,-14443.94385,-515.534,-0.0138,92.6,0.21,0.42,0.51,0.91,1.19,1.59,1.93,2.15,2.55,2.91
01-01-2016,237.652,18525.933,4.8,0.34,12478,55163.28851,-511.682,0.2036,92,0.22,0.49,0.61,1.02,1.31,1.73,2.06,2.24,2.64,2.98
01-02-2016,237.336,18587.856,4.9,0.38,12554.5,-192614.0017,-504.2446667,0.48215,91.7,0.35,0.47,0.47,0.81,1.01,1.38,1.72,1.97,2.38,2.77
01-03-2016,238.08,18649.779,5,0.36,12537,-108042.7307,-496.8073333,0.2327,91,0.33,0.5,0.68,0.85,0.98,1.31,1.62,1.83,2.28,2.7
01-04-2016,238.992,18711.702,5.1,0.37,12611.5,106451.8718,-489.37,0.3019,89,0.23,0.4,0.62,0.76,0.9,1.24,1.56,1.79,2.2,2.62
01-05-2016,239.557,18772.01433,4.8,0.37,12652.7,-52507.41284,-486.6563333,0.0841,94.7,0.22,0.41,0.55,0.8,0.96,1.32,1.64,1.88,2.31,2.71
01-06-2016,240.222,18832.32667,4.9,0.38,12731.2,6251.98744,-483.9426667,-0.0358,93.5,0.3,0.49,0.7,0.91,1.07,1.39,1.67,1.85,2.22,2.63
01-07-2016,240.101,18892.639,4.8,0.39,12756.7,-112815.2385,-481.229,0.4883,90,0.28,0.37,0.45,0.59,0.71,1,1.27,1.46,1.81,2.24
01-08-2016,240.545,18958.219,4.9,0.4,12788.1,-107111.5757,-497.7546667,0.1801,89.8,0.29,0.4,0.5,0.67,0.78,1.06,1.33,1.51,1.84,2.24
01-09-2016,241.176,19023.799,5,0.4,12846.6,33359.49405,-514.2803333,0.1453,91.2,0.33,0.47,0.6,0.78,0.91,1.18,1.44,1.57,1.9,2.23
01-10-2016,241.741,19089.379,4.9,0.4,12867,-44192.20098,-530.806,0.05805,87.2,0.32,0.48,0.63,0.8,0.91,1.18,1.46,1.63,2.01,2.34
01-11-2016,242.026,19152.94733,4.7,0.41,12893,-136650.5749,-531.6773333,0.19395,93.8,0.35,0.5,0.65,0.83,0.99,1.3,1.61,1.83,2.24,2.58
01-12-2016,242.637,19216.51567,4.7,0.54,13005.9,-27515.79856,-532.5486667,-0.18095,98.2,0.48,0.6,0.82,1.14,1.45,1.9,2.25,2.45,2.82,3.1
01-01-2017,243.618,19280.084,4.7,0.65,13063.7,51257.17764,-533.42,-0.16285,98.5,0.53,0.65,0.89,1.22,1.5,1.94,2.26,2.45,2.78,3.04
01-02-2017,244.006,19332.937,4.6,0.66,13088.4,-192044.4653,-540.113,-0.2434,96.3,0.51,0.65,0.83,1.22,1.49,1.93,2.27,2.48,2.8,3.08
01-03-2017,243.892,19385.79,4.4,0.79,13139.9,-176232.3253,-546.806,-0.36265,96.9,0.63,0.79,0.92,1.29,1.57,1.99,2.29,2.46,2.81,3.06
01-04-2017,244.193,19438.643,4.4,0.9,13169.2,182428.0576,-553.499,-0.45955,97,0.79,0.92,1.02,1.24,1.47,1.88,2.16,2.35,2.71,2.98
01-05-2017,244.004,19523.29367,4.4,0.91,13171.9,-88425.99437,-546.1653333,-0.5959,97.1,0.83,0.98,1.09,1.28,1.48,1.84,2.13,2.33,2.71,3
01-06-2017,244.163,19607.94433,4.3,1.04,13225.2,-90233.19107,-538.8316667,-0.6859,95,0.98,1.07,1.16,1.28,1.45,1.76,2.02,2.21,2.6,2.87
01-07-2017,244.243,19692.595,4.3,1.15,13263.3,-42939.3776,-531.498,-0.63525,93.4,1.06,1.13,1.24,1.41,1.6,1.93,2.19,2.35,2.65,2.86
01-08-2017,245.183,19807.426,4.4,1.16,13294.6,-107688.7768,-539.2976667,-0.75935,96.8,1.08,1.15,1.22,1.34,1.5,1.8,2.07,2.26,2.61,2.86
01-09-2017,246.435,19922.257,4.3,1.15,13417.3,8000.082935,-547.0973333,-0.5555,95.1,1.02,1.1,1.24,1.35,1.46,1.73,1.99,2.16,2.51,2.77
01-10-2017,246.626,20037.088,4.2,1.15,13447.5,-63214.01797,-554.897,-0.7359,100.7,1.01,1.22,1.31,1.49,1.63,1.94,2.17,2.34,2.64,2.87
01-11-2017,247.284,20134.243,4.2,1.16,13540.6,-138547.4378,-561.9416667,-0.76175,98.5,1.18,1.3,1.46,1.61,1.74,2.01,2.22,2.37,2.63,2.85
01-12-2017,247.805,20231.398,4.1,1.3,13666.1,-23193.55949,-568.9863333,-0.8541,95.9,1.27,1.45,1.62,1.78,1.9,2.13,2.28,2.37,2.58,2.76
01-01-2018,248.859,20328.553,4,1.41,13703.3,49235.72071,-576.031,-0.6961,95.7,1.44,1.61,1.83,1.92,2.01,2.25,2.38,2.46,2.64,2.81
01-02-2018,249.529,20412.67267,4.1,1.42,13738.7,-215248.1724,-565.295,-0.6739,99.7,1.48,1.64,1.89,2.16,2.33,2.56,2.72,2.78,2.9,3.01
01-03-2018,249.577,20496.79233,4,1.51,13793.2,-208743.2498,-554.559,-0.3862,101.4,1.63,1.85,2.05,2.22,2.36,2.58,2.74,2.81,2.97,3.09
01-04-2018,250.227,20580.912,4,1.69,13838.4,214255.1137,-543.823,0.1058,98.8,1.77,1.92,2.08,2.25,2.37,2.55,2.67,2.73,2.85,2.97
01-05-2018,250.792,20653.518,3.8,1.7,13905,-146796.4434,-568.6306667,-0.20465,98,1.85,2.05,2.26,2.5,2.66,2.82,2.93,2.97,3.03,3.13
01-06-2018,251.018,20726.124,4,1.82,13930.4,-74857.99046,-593.4383333,-0.1087,98.2,1.92,2.1,2.28,2.47,2.61,2.74,2.85,2.89,2.96,3.04
01-07-2018,251.214,20798.73,3.8,1.91,13974.8,-76865.22967,-618.246,-0.29555,97.9,1.98,2.14,2.34,2.57,2.65,2.75,2.83,2.87,2.92,2.99
01-08-2018,251.663,20838.44233,3.8,1.91,14014,-214147.5255,-623.5663333,-0.65205,96.2,2.03,2.22,2.45,2.67,2.78,2.87,2.96,3,3.07,3.13
01-09-2018,252.182,20878.15467,3.7,1.95,14017.8,119116.0089,-628.8866667,-0.7576,100.1,2.13,2.29,2.49,2.66,2.73,2.78,2.85,2.9,2.99,3.07
01-10-2018,252.772,20917.867,3.8,2.19,14083.1,-100491.1425,-634.207,-0.88515,98.6,2.23,2.4,2.6,2.82,2.9,2.96,3.04,3.09,3.18,3.24
01-11-2018,252.594,20982.44467,3.8,2.2,14162.9,-204902.5574,-620.236,-0.35825,97.5,2.32,2.49,2.67,2.84,2.91,2.96,3.06,3.14,3.29,3.38
01-12-2018,252.767,21047.02233,3.9,2.27,14051.6,-13539.35863,-606.265,-0.14795,98.3,2.38,2.56,2.72,2.83,2.84,2.83,2.9,2.98,3.15,3.27
01-01-2019,252.561,21111.6,4,2.4,14084.6,8682.866611,-592.294,0.30615,91.2,2.42,2.51,2.6,2.5,2.47,2.49,2.56,2.66,2.83,2.97
01-02-2019,253.319,21207.046,3.8,2.4,14117.4,-233977.2488,-600.85,-0.3038,93.8,2.4,2.46,2.56,2.52,2.5,2.51,2.59,2.7,2.88,3.03
01-03-2019,254.277,21302.492,3.8,2.41,14248.6,-146944.7657,-609.406,-0.7345,98.4,2.44,2.52,2.55,2.55,2.54,2.56,2.67,2.76,2.97,3.13
01-04-2019,255.233,21397.938,3.7,2.42,14290,160304.5089,-617.962,-0.626,97.2,2.43,2.46,2.41,2.33,2.29,2.31,2.4,2.49,2.71,2.89
01-05-2019,255.296,21504.349,3.6,2.39,14353.3,-207768.3913,-607.157,-0.77485,100,2.43,2.44,2.39,2.31,2.28,2.31,2.41,2.52,2.74,2.92
01-06-2019,255.213,21610.76,3.6,2.38,14408.7,-8476.318454,-596.352,-0.29175,98.2,2.35,2.31,2.11,1.82,1.79,1.83,1.95,2.07,2.34,2.53
01-07-2019,255.802,21717.171,3.7,2.4,14496,-119695.8062,-585.547,-0.5505,98.4,2.21,2.1,1.94,1.78,1.74,1.79,1.9,2.03,2.34,2.55
01-08-2019,256.036,21789.18633,3.6,2.13,14558.2,-200344.3489,-561.4843333,-0.51205,89.8,2.07,2.04,1.88,1.73,1.67,1.68,1.77,1.9,2.21,2.44
01-09-2019,256.43,21861.20167,3.5,2.04,14590.6,82767.65846,-537.4216667,-0.26465,93.2,1.98,1.88,1.72,1.47,1.38,1.35,1.42,1.47,1.77,1.95
01-10-2019,257.155,21933.217,3.6,1.83,14617.4,-134467.5649,-513.359,0.06995,95.5,1.82,1.81,1.73,1.56,1.51,1.51,1.59,1.65,1.93,2.11
01-11-2019,257.879,21864.697,3.6,1.55,14711,-208838.2945,-513.432,-0.2364,96.8,1.52,1.55,1.53,1.56,1.55,1.55,1.63,1.73,2.03,2.21
01-12-2019,258.63,21796.177,3.6,1.55,14774.8,-13272.55732,-513.505,-0.31865,99.3,1.6,1.62,1.6,1.61,1.63,1.65,1.77,1.83,2.15,2.28
01-01-2020,259.127,21727.657,3.6,1.55,14844.3,-32593.28001,-513.578,-0.36385,99.8,1.54,1.57,1.56,1.58,1.59,1.67,1.79,1.88,2.19,2.33
01-02-2020,259.25,21130.25267,3.5,1.58,14833.8,-235335.2139,-521.227,-0.39555,101,1.57,1.56,1.46,1.36,1.34,1.35,1.45,1.54,1.84,2.01
01-03-2020,258.076,20532.84833,4.4,0.65,13810.5,-119125.1647,-528.876,0.9256,89.1,1.13,0.95,0.89,0.84,0.85,0.88,1.01,1.1,1.46,1.66
01-04-2020,256.032,19935.444,14.8,0.05,12234.4,-737850.6211,-536.525,3.84095,71.8,0.09,0.14,0.16,0.23,0.28,0.37,0.51,0.62,1.04,1.27
01-05-2020,255.802,20518.47967,13.2,0.05,13251.7,-398821.4137,-589.8163333,0.9075,72.3,0.12,0.12,0.17,0.2,0.25,0.36,0.53,0.64,1.04,1.27
01-06-2020,257.042,21101.51533,11,0.08,14040.8,-864074.0685,-643.1076667,-0.2224,78.1,0.14,0.18,0.17,0.14,0.2,0.31,0.5,0.66,1.22,1.46
01-07-2020,258.352,21684.551,10.2,0.09,14303.8,-62991.72639,-696.399,0.2488,72.5,0.14,0.17,0.16,0.17,0.19,0.31,0.52,0.69,1.2,1.43
01-08-2020,259.316,21812.623,8.4,0.1,14454.9,-200095.0151,-717.0353333,-0.3086,74.1,0.1,0.11,0.12,0.11,0.13,0.22,0.4,0.56,1.01,1.23
01-09-2020,259.997,21940.695,7.8,0.09,14675.4,-124610.5584,-737.6716667,-0.36015,80.4,0.12,0.13,0.12,0.13,0.14,0.26,0.46,0.68,1.2,1.43
01-10-2020,260.319,22068.767,6.9,0.09,14726,-284070.5372,-758.308,-0.1446,81.8,0.09,0.1,0.12,0.14,0.16,0.27,0.46,0.68,1.23,1.45
01-11-2020,260.911,22264.77567,6.7,0.09,14704.9,-145266.2635,-770.7913333,-0.10665,76.9,0.09,0.11,0.13,0.16,0.2,0.38,0.63,0.87,1.41,1.63
01-12-2020,262.045,22460.78433,6.7,0.09,14827.3,-143562.3274,-783.2746667,-0.6341,80.7,0.09,0.1,0.12,0.17,0.22,0.42,0.68,0.92,1.46,1.66
01-01-2021,262.639,22656.793,6.4,0.09,15081.5,-162832.4895,-795.758,-0.6651,79,0.09,0.09,0.1,0.11,0.16,0.36,0.64,0.93,1.46,1.66
01-02-2021,263.573,22894.149,6.2,0.08,14984.4,-310921.9425,-808.866,-0.57865,76.8,0.07,0.08,0.08,0.11,0.17,0.42,0.76,1.09,1.66,1.84
01-03-2021,264.847,23131.505,6.1,0.07,15712.4,-659591.6184,-821.974,-0.55565,84.9,0.05,0.07,0.08,0.13,0.27,0.71,1.12,1.45,2.11,2.23
01-04-2021,266.625,23368.861,6.1,0.07,15915,-225579.4603,-835.082,-0.73385,88.3,0.02,0.04,0.06,0.17,0.35,0.9,1.37,1.69,2.24,2.34
01-05-2021,268.404,23553.23767,5.8,0.06,15950.5,-131953.0632,-852.948,-0.9104,82.9,0.04,0.04,0.06,0.16,0.33,0.84,1.29,1.63,2.18,2.3
01-06-2021,270.71,23737.61433,5.9,0.08,16183.6,-174160.5503,-870.814,-0.96765,85.5,0.02,0.04,0.04,0.16,0.31,0.81,1.28,1.62,2.22,2.3
01-07-2021,271.965,23921.991,5.4,0.1,16223.5,-302050.4883,-888.68,-0.98205,81.2,0.05,0.05,0.09,0.25,0.47,0.89,1.24,1.48,2.01,2.07
01-08-2021,272.752,24207.00667,5.1,0.09,16390.6,-170634.6537,-899.3186667,-0.8958,70.3,0.05,0.06,0.07,0.17,0.33,0.66,0.96,1.2,1.77,1.86
01-09-2021,273.942,24492.02233,4.7,0.08,16477.5,-61544.25121,-909.9573333,-0.9885,72.8,0.05,0.06,0.07,0.2,0.42,0.78,1.08,1.31,1.84,1.92
01-10-2021,276.528,24777.038,4.5,0.08,16694,-165055.3669,-920.596,-0.8845,71.7,0.04,0.05,0.09,0.27,0.49,0.93,1.26,1.48,1.99,2.04
01-11-2021,278.824,24923.189,4.2,0.08,16849,-191335.0405,-972.7453333,-0.9328,67.4,0.05,0.06,0.15,0.5,0.79,1.2,1.46,1.58,2.01,1.98
01-12-2021,280.806,25069.34,3.9,0.08,16905.5,-21303.12943,-1024.894667,-0.47405,70.6,0.06,0.1,0.25,0.56,0.85,1.15,1.35,1.43,1.84,1.77
01-01-2022,282.542,25215.491,4,0.08,17017.8,118698.8582,-1077.044,-0.88555,67.2,0.08,0.22,0.4,0.78,1.04,1.37,1.55,1.63,2.05,2.01
01-02-2022,284.525,25412.25767,3.8,0.08,17136.1,-216589.7521,-1058.733667,-0.8509,62.8,0.19,0.48,0.78,1.18,1.39,1.63,1.76,1.81,2.19,2.12
01-03-2022,287.467,25609.02433,3.7,0.2,17371.4,-192682.3867,-1040.423333,-0.8509,59.4,0.32,0.6,0.91,1.31,1.47,1.56,1.67,1.72,2.19,2.11
01-04-2022,288.582,25805.791,3.7,0.33,17493.8,308215.0605,-1022.113,-0.8509,65.2,0.53,1.09,1.72,2.44,2.61,2.55,2.5,2.39,2.6,2.44
01-05-2022,291.299,25961.19767,3.6,0.77,17569.9,-66222.56121,-976.7076667,-0.8509,58.4,0.9,1.49,2.1,2.73,2.93,3.01,3.04,2.99,3.26,3.07
01-06-2022,295.072,26116.60433,3.6,1.21,17747.6,-88841.51293,-931.3023333,-0.8509,50,1.15,1.63,2.16,2.66,2.84,2.94,2.98,2.94,3.31,3.09
01-07-2022,294.94,26272.011,3.5,1.68,17744,-211051.7601,-885.897,-0.8509,51.5,1.73,2.52,2.79,2.84,2.85,2.88,2.92,2.88,3.35,3.11
01-08-2022,295.162,26426.09967,3.6,2.33,17897.5,-219596.2409,-874.1596667,-0.8509,58.2,2.56,2.96,2.98,2.9,2.82,2.66,2.64,2.6,3.12,2.92
01-09-2022,296.421,26580.18833,3.5,2.56,17987.2,-429673.479,-862.4223333,-0.8509,58.6,2.97,3.34,3.51,3.51,3.54,3.39,3.36,3.26,3.64,3.37
01-10-2022,297.979,26734.277,3.6,3.08,18096.2,-87797.83631,-850.685,-0.8509,59.9,3.46,3.97,4.01,4.12,4.12,3.9,3.79,3.67,4,3.73
01-11-2022,298.708,26877.63767,3.6,3.78,18094,-248534.8807,-838.3393333,-0.8509,56.7,4.23,4.58,4.75,4.54,4.48,4.27,4.18,4.07,4.37,4.14
01-12-2022,298.808,27020.99833,3.5,4.1,18134.6,-85000.73658,-825.9936667,-0.8509,59.8,4.33,4.65,4.66,4.25,3.98,3.68,3.62,3.53,3.85,3.64
01-01-2023,300.456,27164.359,3.5,4.33,18475.2,-38783.77184,-813.648,-0.8509,64.9,4.53,4.77,4.72,4.4,4.18,3.94,3.89,3.79,4.06,3.88
01-02-2023,301.476,27260.84433,3.6,4.57,18532.1,-262433.8432,-810.2583333,-0.8509,66.9,4.66,4.79,4.66,4.09,3.75,3.48,3.43,3.39,3.67,3.55
01-03-2023,301.643,27357.32967,3.5,4.65,18511.3,-378076.3165,-806.8686667,-0.8509,62,4.9,5.2,5.06,4.89,4.61,4.27,4.17,4.01,4.17,3.97
01-04-2023,302.858,27453.815,3.4,4.83,18638.7,176180.7903,-803.479,-0.8509,63.7,4.9,4.88,4.6,3.97,3.73,3.52,3.48,3.43,3.78,3.64
01-05-2023,303.316,27625.109,3.6,5.06,18676.4,-240348.2397,-796.0163333,-0.8509,59,5.27,5.14,4.86,4.14,3.85,3.64,3.62,3.59,3.95,3.84
01-06-2023,304.099,27796.403,3.6,5.08,18742.1,-227768.4125,-788.5536667,-0.8509,64.2,5.5,5.44,5.11,4.33,3.98,3.7,3.66,3.61,3.98,3.84
01-07-2023,304.615,27967.697,3.5,5.12,18850.5,-220782.0974,-781.091,-0.8509,71.5,5.44,5.53,5.43,4.94,4.56,4.19,4.03,3.86,4.08,3.87
01-08-2023,306.138,28077.45367,3.7,5.33,18911.6,89255.57269,-784.4446667,-0.8509,69.4,5.54,5.54,5.38,4.92,4.57,4.24,4.15,4.05,4.3,4.11
01-09-2023,307.374,28187.21033,3.8,5.33,19024.9,-170982.2009,-787.7983333,-0.8509,67.8,5.53,5.47,5.36,4.87,4.57,4.29,4.27,4.18,4.48,4.29
01-10-2023,307.653,28296.967,3.9,5.33,19069.5,-66563.55113,-791.152,-0.8509,63.8,5.62,5.58,5.49,5.12,4.88,4.72,4.73,4.69,5,4.81
01-11-2023,308.087,28406.001,3.7,5.33,19151,-314012.0023,-807.9576667,-0.8509,61.3,5.57,5.51,5.37,4.95,4.76,4.67,4.75,4.77,5.13,4.96
01-12-2023,308.735,28515.035,3.8,5.33,19289.9,-129365.4149,-824.7633333,-0.8509,69.7,5.43,5.33,5.05,4.56,4.31,4.14,4.22,4.22,4.58,4.4
01-01-2024,309.794,28624.069,3.7,5.33,19308.5,-21930.35633,-841.569,-0.8509,79,5.46,5.24,4.8,4.33,4.09,3.93,3.95,3.95,4.25,4.08
01-02-2024,311.022,28754.95067,3.9,5.33,19412.7,-296274.6481,-863.336,-0.8509,76.9,5.42,5.15,4.68,4.2,3.96,3.8,3.83,3.87,4.21,4.1
01-03-2024,312.107,28885.83233,3.9,5.33,19553.2,-236456.824,-885.103,-0.8509,79.4,5.42,5.27,4.94,4.54,4.32,4.17,4.2,4.19,4.46,4.33
01-04-2024,313.016,29016.714,3.9,5.33,19603.3,209529.3066,-906.87,-0.8509,77.2,5.44,5.36,5.06,4.72,4.51,4.34,4.33,4.33,4.58,4.47
01-05-2024,313.14,29136.114,4,5.33,19697.3,-347130.8937,-919.1413333,-0.8509,69.1,5.46,5.43,5.21,4.96,4.79,4.64,4.64,4.63,4.85,4.74
01-06-2024,313.131,29255.514,4.1,5.33,19747.5,-65965.29248,-931.4126667,-0.8509,68.2,5.52,5.39,5.14,4.82,4.62,4.42,4.41,4.41,4.63,4.55
01-07-2024,313.566,29374.914,4.2,5.33,19866.3,-243741.0873,-943.684,-0.8509,66.4,5.47,5.37,5.1,4.77,4.58,4.44,4.45,4.48,4.76,4.64
01-08-2024,314.131,29491.23067,4.2,5.33,19905,-380080.4054,-935.8173333,-0.8509,67.9,5.37,5.08,4.62,4.16,3.96,3.84,3.89,3.99,4.35,4.27
01-09-2024,314.851,29607.54733,4.1,5.13,20044.1,64263.00887,-927.9506667,-0.8509,70.1,5.19,4.8,4.35,3.88,3.73,3.65,3.73,3.84,4.21,4.13
01-10-2024,315.564,29723.864,4.1,4.83,20123.2,-257450.3432,-920.084,-0.8509,70.5,4.71,4.36,3.96,3.61,3.52,3.51,3.6,3.74,4.14,4.08
01-11-2024,316.449,29808.122,4.2,4.64,20235.1,-366763.0644,-1035.909667,-0.8509,71.8,4.61,4.42,4.28,4.21,4.18,4.22,4.3,4.37,4.68,4.57
01-12-2024,317.603,29892.38,4.1,4.48,20408.1,-86731.61901,-1151.735333,-0.8509,74,4.51,4.43,4.3,4.17,4.11,4.08,4.13,4.19,4.46,4.36
01-01-2025,319.086,29976.638,4,4.33,20389,-128640.2067,-1267.561,-0.8509,71.7,4.36,4.25,4.17,4.25,4.29,4.38,4.47,4.57,4.86,4.79
01-02-2025,319.775,29976.638,4.1,4.33,20469.3,-307017.1947,-1267.561,-0.8509,64.7,4.34,4.28,4.2,4.26,4.28,4.35,4.45,4.54,4.82,4.77
01-03-2025,319.615,29976.638,4.2,4.33,20621.8,-160530.3215,-1267.561,-0.8509,57,4.35,4.31,4.06,3.96,3.93,3.97,4.06,4.16,4.49,4.45
01-04-2025,320.321,29976.638,4.2,4.33,20669.5,258399.9491,-1267.561,-0.8509,52.2,4.32,4.23,4.01,3.87,3.85,3.91,4.03,4.17,4.56,4.52
01-05-2025,320.58,29976.638,4.2,4.33,,-316003.7612,-1267.561,-0.8509,0,4.31,4.22,3.92,3.7,3.69,3.81,4.02,4.25,4.75,4.74
